{"cameraMode":{"drawMode":0,"name":"Shaded","section":"Shading Mode"},"sceneLighting":false,"audioPlay":false,"sceneViewState":{"showFog":false,"showMaterialUpdate":false,"showSkybox":false,"showFlares":true,"showImageEffects":true,"showParticleSystems":true},"in2DMode":false,"pivot":{"x":9.666624069213868,"y":21.831153869628908,"z":59.32535171508789},"rotation":{"x":-0.1232200637459755,"y":0.6930421590805054,"z":-0.12204214185476303,"w":-0.6997284293174744},"size":29.6798152923584,"orthographic":false}